Spin,Cumulative RTP,Theoretical
1000.00,1.020868584,0.98
2000.00,0.95,0.98
3000.00,0.92,0.98
4000.00,0.95,0.98
5000.00,0.941906373,0.98
6000.00,0.934386163,0.98
7000.00,0.945935058,0.98
8000.00,0.956006768,0.98
9000.00,0.962586952,0.98
10000.00,0.967287084,0.98
11000.00,0.963954263,0.98
12000.00,0.96963715,0.98
13000.00,0.975313463,0.98
14000.00,0.97,0.98
15000.00,0.987027637,0.98
16000.00,0.981387479,0.98
17000.00,0.974420225,0.98
18000.00,0.982954189,0.98
19000.00,0.974559919,0.98
20000.00,0.970107163,0.98
21000.00,0.96,0.98
22000.00,0.968312567,0.98
23000.00,0.96,0.98
24000.00,0.962116939,0.98
25000.00,0.956570784,0.98
26000.00,0.96077921,0.98
27000.00,0.963631426,0.98
28000.00,0.955805334,0.98
29000.00,0.9562985,0.98
30000.00,0.954314721,0.98
31000.00,0.954824154,0.98
32000.00,0.954596729,0.98
33000.00,0.960535986,0.98
34000.00,0.960651604,0.98
35000.00,0.958343405,0.98
36000.00,0.956163439,0.98
37000.00,0.955625676,0.98
38000.00,0.953038264,0.98
39000.00,0.96,0.98
40000.00,0.959108855,0.98
41000.00,0.962128403,0.98
42000.00,0.96,0.98
43000.00,0.964860504,0.98
44000.00,0.969978978,0.98
45000.00,0.967600426,0.98
46000.00,0.970352387,0.98
47000.00,0.968547119,0.98
48000.00,0.976569844,0.98
49000.00,0.977589005,0.98
50000.00,0.981049069,0.98
51000.00,0.979949792,0.98
52000.00,0.977699683,0.98
53000.00,0.98,0.98
54000.00,0.983894216,0.98
55000.00,0.984463929,0.98
56000.00,0.99,0.98
57000.00,0.99,0.98
58000.00,0.992473306,0.98
59000.00,0.991711836,0.98
60000.00,0.997273924,0.98
61000.00,0.998123029,0.98
62000.00,0.999945418,0.98
63000.00,0.999382268,0.98
64000.00,0.99874859,0.98
65000.00,1.003687796,0.98
66000.00,1.005059051,0.98
67000.00,1.006557736,0.98
68000.00,1.006270529,0.98
69000.00,1.00738125,0.98
70000.00,1.006043026,0.98
71000.00,1.003709794,0.98
72000.00,1.002538071,0.98
73000.00,1.003407273,0.98
74000.00,1.001737778,0.98
75000.00,0.998157548,0.98
76000.00,0.999346929,0.98
77000.00,0.998088206,0.98
78000.00,0.997150997,0.98
79000.00,0.997879586,0.98
80000.00,0.997391427,0.98
81000.00,0.998447216,0.98
82000.00,1.00,0.98
83000.00,0.994842313,0.98
84000.00,0.995085005,0.98
85000.00,1.00,0.98
86000.00,0.996930705,0.98
87000.00,0.996168582,0.98
88000.00,0.997987489,0.98
89000.00,0.998181208,0.98
90000.00,0.997179921,0.98
91000.00,0.997998054,0.98
92000.00,0.995978322,0.98
93000.00,0.996609841,0.98
94000.00,0.996627906,0.98
95000.00,0.997951732,0.98
96000.00,0.997309175,0.98
97000.00,0.996679866,0.98
98000.00,0.994221716,0.98
99000.00,0.99420602,0.98
100000.00,0.992836999,0.98
101000.00,0.993505442,0.98
102000.00,0.996593787,0.98
103000.00,0.995022424,0.98
104000.00,0.994132066,0.98
105000.00,0.9954073,0.98
106000.00,0.994476902,0.98
107000.00,1.00,0.98
108000.00,0.995331203,0.98
109000.00,0.995203279,0.98
110000.00,0.994616213,0.98
111000.00,0.993836476,0.98
112000.00,0.993473532,0.98
113000.00,0.994414746,0.98
114000.00,0.994053097,0.98
115000.00,0.994188185,0.98
116000.00,0.994612677,0.98
117000.00,0.996138661,0.98
118000.00,0.994675309,0.98
119000.00,0.994611042,0.98
120000.00,0.995769882,0.98
121000.00,0.997422308,0.98
122000.00,0.997614491,0.98
123000.00,0.997574274,0.98
124000.00,0.996806943,0.98
125000.00,1.00,0.98
126000.00,0.995174532,0.98
127000.00,0.994222169,0.98
128000.00,0.994518472,0.98
129000.00,0.993979459,0.98
130000.00,0.994056141,0.98
131000.00,0.993098341,0.98
132000.00,0.993736006,0.98
133000.00,0.994321676,0.98
134000.00,0.993720063,0.98
135000.00,0.992667795,0.98
136000.00,0.992501908,0.98
137000.00,0.993450006,0.98
138000.00,0.992831278,0.98
139000.00,0.993479328,0.98
140000.00,0.993956974,0.98
141000.00,0.99,0.98
142000.00,0.994177133,0.98
143000.00,0.99396937,0.98
144000.00,0.993490318,0.98
145000.00,0.99539063,0.98
146000.00,0.99,0.98
147000.00,0.99,0.98
148000.00,0.99,0.98
149000.00,0.994938999,0.98
150000.00,0.995525475,0.98
151000.00,0.995618606,0.98
152000.00,0.996118681,0.98
153000.00,0.998344816,0.98
154000.00,0.999186938,0.98
155000.00,1.00,0.98
156000.00,0.998814121,0.98
157000.00,1.00024788,0.98
158000.00,1.00012851,0.98
159000.00,0.999797806,0.98
160000.00,0.999435984,0.98
161000.00,0.999919426,0.98
162000.00,0.998725742,0.98
163000.00,0.997961931,0.98
164000.00,0.996932304,0.98
165000.00,0.995436599,0.98
166000.00,0.995487874,0.98
167000.00,0.994829292,0.98
168000.00,0.995085005,0.98
169000.00,0.995037329,0.98
170000.00,0.994625261,0.98
171000.00,0.994152047,0.98
172000.00,0.99,0.98
173000.00,0.993645857,0.98
174000.00,0.993640236,0.98
175000.00,0.993860285,0.98
176000.00,0.993501,0.98
177000.00,0.995376345,0.98
178000.00,0.995582933,0.98
179000.00,0.99629136,0.98
180000.00,0.995487874,0.98
181000.00,0.994786749,0.98
182000.00,0.994310258,0.98
183000.00,0.994948514,0.98
184000.00,0.994476324,0.98
185000.00,0.994588497,0.98
186000.00,0.993607821,0.98
187000.00,0.993331343,0.98
188000.00,0.993027805,0.98
189000.00,0.992817005,0.98
190000.00,0.99293496,0.98
191000.00,0.99222485,0.98
192000.00,0.993225935,0.98
193000.00,0.992960031,0.98
194000.00,0.992377065,0.98
195000.00,0.992147165,0.98
196000.00,0.991833282,0.98
197000.00,0.992524643,0.98
198000.00,0.992468395,0.98
199000.00,0.992667795,0.98
200000.00,0.9928652,0.98
201000.00,0.99412694,0.98
202000.00,0.993309991,0.98
203000.00,0.993473532,0.98
204000.00,0.993939595,0.98
205000.00,0.993823339,0.98
206000.00,0.994693871,0.98
207000.00,0.99,0.98
208000.00,1.00,0.98
209000.00,0.99585219,0.98
210000.00,0.996025032,0.98
211000.00,0.995848737,0.98
212000.00,0.995753919,0.98
213000.00,0.996057185,0.98
214000.00,1.00,0.98
215000.00,0.99597319,0.98
216000.00,0.995670657,0.98
217000.00,1.00,0.98
218000.00,1.00,0.98
219000.00,0.996556671,0.98
220000.00,0.995923704,0.98
221000.00,0.995602719,0.98
222000.00,0.995437061,0.98
223000.00,0.994286495,0.98
224000.00,0.994782854,0.98
225000.00,0.994021433,0.98
226000.00,0.993840748,0.98
227000.00,0.993587116,0.98
228000.00,0.992964645,0.98
229000.00,0.993111126,0.98
230000.00,0.992937541,0.98
231000.00,0.992741044,0.98
232000.00,0.99,0.98
233000.00,0.991868974,0.98
234000.00,0.99143853,0.98
235000.00,0.99072374,0.98
236000.00,0.99,0.98
237000.00,0.990406972,0.98
238000.00,0.991103717,0.98
239000.00,0.991275454,0.98
240000.00,0.991398759,0.98
241000.00,0.991427428,0.98
242000.00,0.990989731,0.98
243000.00,0.99,0.98
244000.00,0.99,0.98
245000.00,0.989444847,0.98
246000.00,0.989182819,0.98
247000.00,0.988831574,0.98
248000.00,0.988710587,0.98
249000.00,0.988567921,0.98
250000.00,0.988629442,0.98
251000.00,0.988173645,0.98
252000.00,0.988370532,0.98
253000.00,0.99,0.98
254000.00,0.988226725,0.98
255000.00,0.99,0.98
256000.00,0.989252855,0.98
257000.00,0.988871113,0.98
258000.00,0.988448607,0.98
259000.00,0.988138247,0.98
260000.00,0.987374723,0.98
261000.00,0.99,0.98
262000.00,0.987221383,0.98
263000.00,0.987542328,0.98
264000.00,0.9876472,0.98
265000.00,0.98751716,0.98
266000.00,0.988087817,0.98
267000.00,0.988316212,0.98
268000.00,0.988458722,0.98
269000.00,0.988369533,0.98
270000.00,0.987821437,0.98
271000.00,0.987901757,0.98
272000.00,0.988458412,0.98
273000.00,0.99,0.98
274000.00,0.988489138,0.98
275000.00,0.98866841,0.98
276000.00,0.989234655,0.98
277000.00,0.989226688,0.98
278000.00,0.988975317,0.98
279000.00,0.988422515,0.98
280000.00,0.988679397,0.98
281000.00,0.988593232,0.98
282000.00,0.988527679,0.98
283000.00,0.99,0.98
284000.00,0.988397957,0.98
285000.00,0.987898398,0.98
286000.00,0.98781647,0.98
287000.00,0.987794069,0.98
288000.00,0.99,0.98
289000.00,0.987359411,0.98
290000.00,0.987747243,0.98
291000.00,0.98755095,0.98
292000.00,0.99,0.98
293000.00,0.988760108,0.98
294000.00,0.988370532,0.98
295000.00,0.988193907,0.98
296000.00,0.99,0.98
297000.00,0.987882206,0.98
298000.00,0.987671145,0.98
299000.00,0.987499222,0.98
300000.00,0.987008836,0.98
301000.00,0.99,0.98
302000.00,0.987942762,0.98
303000.00,0.988163114,0.98
304000.00,0.988159379,0.98
305000.00,0.987563914,0.98
306000.00,0.988022959,0.98
307000.00,0.987744139,0.98
308000.00,0.987412193,0.98
309000.00,0.987648237,0.98
310000.00,0.988319415,0.98
311000.00,0.987898143,0.98
312000.00,0.988076128,0.98
313000.00,0.988198916,0.98
314000.00,0.988284997,0.98
315000.00,0.988460058,0.98
316000.00,0.98788437,0.98
317000.00,0.98736569,0.98
318000.00,0.987577463,0.98
319000.00,0.987487336,0.98
320000.00,0.987151015,0.98
321000.00,0.99,0.98
322000.00,0.987903438,0.98
323000.00,0.987726108,0.98
324000.00,0.988106926,0.98
325000.00,0.987513558,0.98
326000.00,0.98770238,0.98
327000.00,0.986906899,0.98
328000.00,0.986718116,0.98
329000.00,0.987079067,0.98
330000.00,0.986993454,0.98
331000.00,0.99,0.98
332000.00,0.987112579,0.98
333000.00,0.986722763,0.98
334000.00,0.98675745,0.98
335000.00,0.986960292,0.98
336000.00,0.987329788,0.98
337000.00,0.987044373,0.98
338000.00,0.987094384,0.98
339000.00,0.987110825,0.98
340000.00,0.987293056,0.98
341000.00,0.987176497,0.98
342000.00,0.986928687,0.98
343000.00,0.987192073,0.98
344000.00,0.987765448,0.98
345000.00,0.987419996,0.98
346000.00,0.987500367,0.98
347000.00,0.98723894,0.98
348000.00,0.987238332,0.98
349000.00,0.987835682,0.98
350000.00,0.988075095,0.98
351000.00,0.988361349,0.98
352000.00,0.988245398,0.98
353000.00,0.988289882,0.98
354000.00,0.988716498,0.98
355000.00,0.988965945,0.98
356000.00,0.989103088,0.98
357000.00,0.989271061,0.98
358000.00,0.989532623,0.98
359000.00,0.989745596,0.98
360000.00,0.989753713,0.98
361000.00,0.989183708,0.98
362000.00,0.989162172,0.98
363000.00,0.989529194,0.98
364000.00,0.989429352,0.98
365000.00,0.99,0.98
366000.00,0.98953951,0.98
367000.00,0.99,0.98
368000.00,0.99,0.98
369000.00,0.988281005,0.98
370000.00,0.99,0.98
371000.00,0.988031007,0.98
372000.00,0.988164765,0.98
373000.00,0.988312927,0.98
374000.00,0.98827933,0.98
375000.00,0.98820079,0.98
376000.00,0.988092667,0.98
377000.00,0.98780559,0.98
378000.00,0.988146716,0.98
379000.00,0.988054473,0.98
380000.00,0.988793897,0.98
381000.00,0.988641225,0.98
382000.00,0.988784649,0.98
383000.00,0.99,0.98
384000.00,0.988378925,0.98
385000.00,0.988331465,0.98
386000.00,0.99,0.98
387000.00,0.988251857,0.98
388000.00,0.988059728,0.98
389000.00,0.987854087,0.98
390000.00,0.987606115,0.98
391000.00,0.987460385,0.98
392000.00,0.99,0.98
393000.00,0.987171152,0.98
394000.00,0.987256679,0.98
395000.00,0.987641629,0.98
396000.00,0.987682807,0.98
397000.00,0.987865847,0.98
398000.00,0.988005453,0.98
399000.00,0.987805102,0.98
400000.00,0.987464749,0.98
401000.00,0.987308941,0.98
402000.00,0.986915395,0.98
403000.00,0.99,0.98
404000.00,0.987306853,0.98
405000.00,0.986916226,0.98
406000.00,0.987027637,0.98
407000.00,0.9871385,0.98
408000.00,0.987165876,0.98
409000.00,0.987220698,0.98
410000.00,0.988430798,0.98
411000.00,0.988152924,0.98
412000.00,0.987972226,0.98
413000.00,0.987300768,0.98
414000.00,0.987163872,0.98
415000.00,0.987435359,0.98
416000.00,0.987298798,0.98
417000.00,0.98698706,0.98
418000.00,0.987108596,0.98
419000.00,0.986866105,0.98
420000.00,0.987282787,0.98
421000.00,0.987108019,0.98
422000.00,0.986746965,0.98
423000.00,0.986587624,0.98
424000.00,0.986548755,0.98
425000.00,0.986709134,0.98
426000.00,0.986405366,0.98
427000.00,0.986525702,0.98
428000.00,0.99,0.98
429000.00,0.98654119,0.98
430000.00,0.986201288,0.98
431000.00,0.985862964,0.98
432000.00,0.985708989,0.98
433000.00,0.985803214,0.98
434000.00,0.985286206,0.98
435000.00,0.985095721,0.98
436000.00,0.985177768,0.98
437000.00,0.985156188,0.98
438000.00,0.985624036,0.98
439000.00,0.985383126,0.98
440000.00,0.985386864,0.98
441000.00,0.985505689,0.98
442000.00,0.985330485,0.98
443000.00,0.985347048,0.98
444000.00,0.985566785,0.98
445000.00,0.985392625,0.98
446000.00,0.985459521,0.98
447000.00,0.985715385,0.98
448000.00,0.985466522,0.98
449000.00,0.986010147,0.98
450000.00,0.985398258,0.98
451000.00,0.985426882,0.98
452000.00,0.985555206,0.98
453000.00,0.986442455,0.98
454000.00,0.98646859,0.98
455000.00,0.985899605,0.98
456000.00,0.985320747,0.98
457000.00,0.985225748,0.98
458000.00,0.985241997,0.98
459000.00,0.99,0.98
460000.00,0.985311067,0.98
461000.00,0.985327025,0.98
462000.00,0.985794615,0.98
463000.00,0.986040914,0.98
464000.00,0.985945796,0.98
465000.00,0.986469686,0.98
466000.00,0.986216713,0.98
467000.00,0.985952746,0.98
468000.00,0.986015301,0.98
469000.00,0.986270004,0.98
470000.00,0.98607961,0.98
471000.00,0.986333095,0.98
472000.00,0.986370415,0.98
473000.00,0.986097547,0.98
474000.00,0.985980519,0.98
475000.00,0.985958975,0.98
476000.00,0.986186353,0.98
477000.00,0.99,0.98
478000.00,0.986189873,0.98
479000.00,0.986097423,0.98
480000.00,0.985946607,0.98
481000.00,0.985890224,0.98
482000.00,0.986138317,0.98
483000.00,0.99,0.98
484000.00,0.986258524,0.98
485000.00,0.986388031,0.98
486000.00,0.986145637,0.98
487000.00,0.985730516,0.98
488000.00,0.98550202,0.98
489000.00,0.985378265,0.98
490000.00,0.985278037,0.98
491000.00,0.985201191,0.98
492000.00,0.984918309,0.98
493000.00,0.984853945,0.98
494000.00,0.984629999,0.98
495000.00,0.98,0.98
496000.00,0.984821607,0.98
497000.00,0.984462897,0.98
498000.00,0.984377442,0.98
499000.00,0.984529691,0.98
500000.00,0.984309081,0.98
501000.00,0.984235702,0.98
502000.00,0.983926673,0.98
503000.00,0.984044969,0.98
504000.00,0.984073268,0.98
505000.00,0.983777566,0.98
506000.00,0.983995773,0.98
507000.00,0.984224245,0.98
508000.00,0.983963299,0.98
509000.00,0.984013643,0.98
510000.00,0.983643542,0.98
511000.00,0.983473565,0.98
512000.00,0.983535586,0.98
513000.00,0.983377476,0.98
514000.00,0.983658904,0.98
515000.00,0.983840674,0.98
516000.00,0.983486142,0.98
517000.00,0.983427536,0.98
518000.00,0.983891796,0.98
519000.00,0.983734828,0.98
520000.00,0.983893011,0.98
521000.00,0.983563432,0.98
522000.00,0.983645703,0.98
523000.00,0.983630601,0.98
524000.00,0.983798539,0.98
525000.00,0.983729487,0.98
526000.00,0.983607085,0.98
527000.00,0.98363498,0.98
528000.00,0.983427763,0.98
529000.00,0.983637145,0.98
530000.00,0.983569049,0.98
531000.00,0.98,0.98
532000.00,0.983719875,0.98
533000.00,0.983715499,0.98
534000.00,0.98376395,0.98
535000.00,0.983748966,0.98
536000.00,0.984239126,0.98
537000.00,0.984937522,0.98
538000.00,0.984878506,0.98
539000.00,0.984715067,0.98
540000.00,0.984855131,0.98
541000.00,0.985025954,0.98
542000.00,0.985060866,0.98
543000.00,0.984981392,0.98
544000.00,0.984808898,0.98
545000.00,0.984502502,0.98
546000.00,0.984248878,0.98
547000.00,0.984016803,0.98
548000.00,0.983620899,0.98
549000.00,0.983709292,0.98
550000.00,0.98,0.98
551000.00,0.983465432,0.98
552000.00,0.983522973,0.98
553000.00,0.983202937,0.98
554000.00,0.983230202,0.98
555000.00,0.983318344,0.98
556000.00,0.98,0.98
557000.00,0.983007632,0.98
558000.00,0.983328178,0.98
559000.00,0.98,0.98
560000.00,0.983391749,0.98
561000.00,0.98,0.98
562000.00,0.983374581,0.98
563000.00,0.983401105,0.98
564000.00,0.98358754,0.98
565000.00,0.98340396,0.98
566000.00,0.984068049,0.98
567000.00,0.983824584,0.98
568000.00,0.984267137,0.98
569000.00,0.984301726,0.98
570000.00,0.984217453,0.98
571000.00,0.983876655,0.98
572000.00,0.983625793,0.98
573000.00,0.983779378,0.98
574000.00,0.983834168,0.98
575000.00,0.983810295,0.98
576000.00,0.983678793,0.98
577000.00,0.983801897,0.98
578000.00,0.983856268,0.98
579000.00,0.983793557,0.98
580000.00,0.983818581,0.98
581000.00,0.983581413,0.98
582000.00,0.983567952,0.98
583000.00,0.983786723,0.98
584000.00,0.98,0.98
585000.00,0.983817085,0.98
586000.00,0.983861063,0.98
587000.00,0.983818416,0.98
588000.00,0.983958163,0.98
589000.00,0.983580342,0.98
590000.00,0.983385433,0.98
591000.00,0.98,0.98
592000.00,0.98,0.98
593000.00,0.983051944,0.98
594000.00,0.983106113,0.98
595000.00,0.983055828,0.98
596000.00,0.982920542,0.98
597000.00,0.982691234,0.98
598000.00,0.982764507,0.98
599000.00,0.982705713,0.98
600000.00,0.982882121,0.98
601000.00,0.98,0.98
602000.00,0.982952107,0.98
603000.00,0.983239471,0.98
604000.00,0.983189715,0.98
605000.00,0.983121478,0.98
606000.00,0.983137231,0.98
607000.00,0.983459563,0.98
608000.00,0.98,0.98
609000.00,0.98,0.98
610000.00,0.983245957,0.98
611000.00,0.983039833,0.98
612000.00,0.982871246,0.98
613000.00,0.982758414,0.98
614000.00,0.982462232,0.98
615000.00,0.98,0.98
616000.00,0.982376338,0.98
617000.00,0.982502713,0.98
618000.00,0.98241877,0.98
619000.00,0.982426216,0.98
620000.00,0.983061332,0.98
621000.00,0.983076802,0.98
622000.00,0.983074086,0.98
623000.00,0.983116644,0.98
624000.00,0.98,0.98
625000.00,0.983075014,0.98
626000.00,0.983243505,0.98
627000.00,0.9833305,0.98
628000.00,0.983560916,0.98
629000.00,0.984023737,0.98
630000.00,0.984189653,0.98
631000.00,0.984060073,0.98
632000.00,0.983689948,0.98
633000.00,0.98362394,0.98
634000.00,0.983362424,0.98
635000.00,0.983243846,0.98
636000.00,0.983010354,0.98
637000.00,0.982981244,0.98
638000.00,0.983014107,0.98
639000.00,0.982896817,0.98
640000.00,0.982956148,0.98
641000.00,0.98,0.98
642000.00,0.982678917,0.98
643000.00,0.982782168,0.98
644000.00,0.982692422,0.98
645000.00,0.982690399,0.98
646000.00,0.982819346,0.98
647000.00,0.982747393,0.98
648000.00,0.982989005,0.98
649000.00,0.983012609,0.98
650000.00,0.98,0.98
651000.00,0.98,0.98
652000.00,0.982754266,0.98
653000.00,0.98285582,0.98
654000.00,0.982732838,0.98
655000.00,0.982670507,0.98
656000.00,0.98,0.98
657000.00,0.982803957,0.98
658000.00,0.982621799,0.98
659000.00,0.982431636,0.98
660000.00,0.98287443,0.98
661000.00,0.982795385,0.98
662000.00,0.98,0.98
663000.00,0.982748603,0.98
664000.00,0.982712576,0.98
665000.00,0.98,0.98
666000.00,0.982937252,0.98
667000.00,0.982892648,0.98
668000.00,0.983202799,0.98
669000.00,0.983149501,0.98
670000.00,0.983340489,0.98
671000.00,0.98,0.98
672000.00,0.983712365,0.98
673000.00,0.98,0.98
674000.00,0.984182453,0.98
675000.00,0.984169957,0.98
676000.00,0.983965598,0.98
677000.00,0.983936797,0.98
678000.00,0.983866486,0.98
679000.00,0.983896062,0.98
680000.00,0.983834312,0.98
681000.00,0.983963234,0.98
682000.00,0.983893297,0.98
683000.00,0.983691438,0.98
684000.00,0.983605611,0.98
685000.00,0.98372588,0.98
686000.00,0.983738915,0.98
687000.00,0.983727282,0.98
688000.00,0.98,0.98
689000.00,0.98,0.98
690000.00,0.98385607,0.98
691000.00,0.98417899,0.98
692000.00,0.984191257,0.98
693000.00,0.984211627,0.98
694000.00,0.984199431,0.98
695000.00,0.98,0.98
696000.00,0.984539808,0.98
697000.00,0.984640482,0.98
698000.00,0.984546937,0.98
699000.00,0.98,0.98
700000.00,0.98481186,0.98
701000.00,0.984927664,0.98
702000.00,0.984858345,0.98
703000.00,0.98,0.98
704000.00,0.984856496,0.98
705000.00,0.98,0.98
706000.00,0.985294047,0.98
707000.00,0.99,0.98
708000.00,0.985059955,0.98
709000.00,0.984959314,0.98
710000.00,0.984946339,0.98
711000.00,0.98498893,0.98
712000.00,0.985102695,0.98
713000.00,0.984978828,0.98
714000.00,0.984989597,0.98
715000.00,0.984992447,0.98
716000.00,0.984955903,0.98
717000.00,0.984982391,0.98
718000.00,0.985189479,0.98
719000.00,0.985301858,0.98
720000.00,0.985069249,0.98
721000.00,0.985267532,0.98
722000.00,0.985332465,0.98
723000.00,0.9852646,0.98
724000.00,0.985313777,0.98
725000.00,0.985129432,0.98
726000.00,0.985007746,0.98
727000.00,0.98,0.98
728000.00,0.98496681,0.98
729000.00,0.98,0.98
730000.00,0.984702037,0.98
731000.00,0.98,0.98
732000.00,0.984484943,0.98
733000.00,0.984388381,0.98
734000.00,0.984299767,0.98
735000.00,0.984372542,0.98
736000.00,0.984222884,0.98
737000.00,0.984219037,0.98
738000.00,0.984192273,0.98
739000.00,0.984211374,0.98
740000.00,0.984253289,0.98
741000.00,0.98414286,0.98
742000.00,0.98,0.98
743000.00,0.984165807,0.98
744000.00,0.984253043,0.98
745000.00,0.984097783,0.98
746000.00,0.984116831,0.98
747000.00,0.984271736,0.98
748000.00,0.984245259,0.98
749000.00,0.984294156,0.98
750000.00,0.984019553,0.98
751000.00,0.98,0.98
752000.00,0.98394505,0.98
753000.00,0.983851771,0.98
754000.00,0.983893385,0.98
755000.00,0.983770539,0.98
756000.00,0.983618176,0.98
757000.00,0.983555624,0.98
758000.00,0.98,0.98
759000.00,0.983475601,0.98
760000.00,0.983294743,0.98
761000.00,0.98,0.98
762000.00,0.98,0.98
763000.00,0.983383341,0.98
764000.00,0.98,0.98
765000.00,0.983429732,0.98
766000.00,0.983618507,0.98
767000.00,0.983578831,0.98
768000.00,0.983502538,0.98
769000.00,0.983793164,0.98
770000.00,0.983797365,0.98
771000.00,0.983699139,0.98
772000.00,0.983893404,0.98
773000.00,0.983912051,0.98
774000.00,0.983872355,0.98
775000.00,0.984269418,0.98
776000.00,0.984498288,0.98
777000.00,0.984428954,0.98
778000.00,0.984287303,0.98
779000.00,0.98,0.98
780000.00,0.984634185,0.98
781000.00,0.98,0.98
782000.00,0.984647519,0.98
783000.00,0.984492087,0.98
784000.00,0.984401798,0.98
785000.00,0.984354849,0.98
786000.00,0.984300843,0.98
787000.00,0.98,0.98
788000.00,0.984250503,0.98
789000.00,0.984439884,0.98
790000.00,0.984357486,0.98
791000.00,0.984310949,0.98
792000.00,0.984264529,0.98
793000.00,0.984324913,0.98
794000.00,0.98433542,0.98
795000.00,0.984388469,0.98
796000.00,0.984328013,0.98
797000.00,0.98431017,0.98
798000.00,0.984249965,0.98
799000.00,0.984373445,0.98
800000.00,0.98,0.98
801000.00,0.98426741,0.98
802000.00,0.984327112,0.98
803000.00,0.98,0.98
804000.00,0.984249649,0.98
805000.00,0.98,0.98
806000.00,0.984389498,0.98
807000.00,0.9843718,0.98
808000.00,0.984409989,0.98
809000.00,0.984448084,0.98
810000.00,0.984346821,0.98
811000.00,0.98429449,0.98
812000.00,0.98429091,0.98
813000.00,0.984169402,0.98
814000.00,0.983978903,0.98
815000.00,0.983982644,0.98
816000.00,0.984062407,0.98
817000.00,0.984148878,0.98
818000.00,0.984179978,0.98
819000.00,0.984162795,0.98
820000.00,0.984241949,0.98
821000.00,0.984210993,0.98
822000.00,0.984159527,0.98
823000.00,0.984073921,0.98
824000.00,0.983947453,0.98
825000.00,0.98,0.98
826000.00,0.98372275,0.98
827000.00,0.983665366,0.98
828000.00,0.983662615,0.98
829000.00,0.983986442,0.98
830000.00,0.983962924,0.98
831000.00,0.983993761,0.98
832000.00,0.984017745,0.98
833000.00,0.983919795,0.98
834000.00,0.983984386,0.98
835000.00,0.983879956,0.98
836000.00,0.98,0.98
837000.00,0.983833569,0.98
838000.00,0.983716231,0.98
839000.00,0.983740346,0.98
840000.00,0.983804689,0.98
841000.00,0.983862174,0.98
842000.00,0.983778852,0.98
843000.00,0.983588679,0.98
844000.00,0.98353261,0.98
845000.00,0.983389902,0.98
846000.00,0.983314199,0.98
847000.00,0.983758077,0.98
848000.00,0.98,0.98
849000.00,0.983513333,0.98
850000.00,0.983729803,0.98
851000.00,0.983521593,0.98
852000.00,0.983294011,0.98
853000.00,0.98,0.98
854000.00,0.983058392,0.98
855000.00,0.982825554,0.98
856000.00,0.982962243,0.98
857000.00,0.982822198,0.98
858000.00,0.98,0.98
859000.00,0.982792594,0.98
860000.00,0.98271226,0.98
861000.00,0.982533852,0.98
862000.00,0.982460548,0.98
863000.00,0.982256704,0.98
864000.00,0.98,0.98
865000.00,0.982117765,0.98
866000.00,0.982305796,0.98
867000.00,0.982532424,0.98
868000.00,0.982368658,0.98
869000.00,0.982328587,0.98
870000.00,0.982288608,0.98
871000.00,0.982125686,0.98
872000.00,0.981989009,0.98
873000.00,0.981917253,0.98
874000.00,0.981819848,0.98
875000.00,0.981729111,0.98
876000.00,0.981657897,0.98
877000.00,0.981946993,0.98
878000.00,0.98,0.98
879000.00,0.981971386,0.98
880000.00,0.98,0.98
881000.00,0.982136512,0.98
882000.00,0.982122874,0.98
883000.00,0.982307278,0.98
884000.00,0.982497646,0.98
885000.00,0.982381676,0.98
886000.00,0.982342359,0.98
887000.00,0.982264978,0.98
888000.00,0.98,0.98
889000.00,0.982377203,0.98
890000.00,0.982281032,0.98
891000.00,0.982412962,0.98
892000.00,0.982234767,0.98
893000.00,0.98221487,0.98
894000.00,0.982176092,0.98
895000.00,0.98217521,0.98
896000.00,0.982199511,0.98
897000.00,0.98218603,0.98
898000.00,0.982072086,0.98
899000.00,0.98,0.98
900000.00,0.98,0.98
901000.00,0.981982168,0.98
902000.00,0.981850197,0.98
903000.00,0.982093279,0.98
904000.00,0.982104977,0.98
905000.00,0.982309847,0.98
906000.00,0.982501815,0.98
907000.00,0.982718233,0.98
908000.00,0.982722979,0.98
909000.00,0.982833196,0.98
910000.00,0.98,0.98
911000.00,0.982823831,0.98
912000.00,0.982952128,0.98
913000.00,0.983043078,0.98
914000.00,0.983251076,0.98
915000.00,0.98320589,0.98
916000.00,0.983062286,0.98
917000.00,0.982949747,0.98
918000.00,0.982917326,0.98
919000.00,0.983069093,0.98
920000.00,0.983281836,0.98
921000.00,0.983243036,0.98
922000.00,0.983167615,0.98
923000.00,0.98319013,0.98
924000.00,0.982998953,0.98
925000.00,0.98307038,0.98
926000.00,0.983135562,0.98
927000.00,0.98,0.98
928000.00,0.983016318,0.98
929000.00,0.98,0.98
930000.00,0.983309984,0.98
931000.00,0.983265512,0.98
932000.00,0.983257445,0.98
933000.00,0.983237306,0.98
934000.00,0.983325906,0.98
935000.00,0.983179058,0.98
936000.00,0.98,0.98
937000.00,0.982940479,0.98
938000.00,0.982878693,0.98
939000.00,0.982883112,0.98
940000.00,0.982821519,0.98
941000.00,0.982664156,0.98
942000.00,0.98254904,0.98
943000.00,0.982511922,0.98
944000.00,0.982486832,0.98
945000.00,0.982420016,0.98
946000.00,0.982430848,0.98
947000.00,0.982483349,0.98
948000.00,0.982726124,0.98
949000.00,0.982570188,0.98
950000.00,0.98,0.98
951000.00,0.982692247,0.98
952000.00,0.982661254,0.98
953000.00,0.982553388,0.98
954000.00,0.98245166,0.98
955000.00,0.982302897,0.98
956000.00,0.982083649,0.98
957000.00,0.982189006,0.98
958000.00,0.982188169,0.98
959000.00,0.98244023,0.98
960000.00,0.982474384,0.98
961000.00,0.982508468,0.98
962000.00,0.982606972,0.98
963000.00,0.98,0.98
964000.00,0.982639547,0.98
965000.00,0.982486287,0.98
966000.00,0.982380053,0.98
967000.00,0.98240819,0.98
968000.00,0.982541148,0.98
969000.00,0.982702934,0.98
970000.00,0.982649246,0.98
971000.00,0.9825492,0.98
972000.00,0.98,0.98
973000.00,0.982738102,0.98
974000.00,0.982893065,0.98
975000.00,0.982903091,0.98
976000.00,0.982780182,0.98
977000.00,0.982686389,0.98
978000.00,0.982742732,0.98
979000.00,0.982971793,0.98
980000.00,0.982958666,0.98
981000.00,0.983043305,0.98
982000.00,0.983064593,0.98
983000.00,0.983011248,0.98
984000.00,0.983015329,0.98
985000.00,0.982933512,0.98
986000.00,0.982920504,0.98
987000.00,0.982873235,0.98
988000.00,0.982894566,0.98
989000.00,0.982875933,0.98
990000.00,0.983033949,0.98
991000.00,0.982907077,0.98
992000.00,0.982894174,0.98
993000.00,0.982921057,0.98
994000.00,0.982947885,0.98
995000.00,0.983054018,0.98
996000.00,0.98288246,0.98
997000.00,0.982937532,0.98
998000.00,0.983088569,0.98
999000.00,0.983267531,0.98
1000000.00,0.983293852,0.98
